file,heatmap_peak_coords
100001.jpg,"(85, 204)"
100002.jpg,"(223, 113)"
100003.jpg,"(155, 295)"
100004.jpg,"(187, 295)"
100005.jpg,"(155, 250)"
100006.jpg,"(256, 204)"
100007.jpg,"(118, 205)"
100008.jpg,"(187, 295)"
100009.jpg,"(320, 206)"
100010.jpg,"(118, 252)"
100011.jpg,"(189, 341)"
100012.jpg,"(0, 0)"
100013.jpg,"(255, 387)"
100014.jpg,"(86, 296)"
100015.jpg,"(223, 298)"
100016.jpg,"(256, 341)"
100017.jpg,"(222, 335)"
100018.jpg,"(185, 207)"
100019.jpg,"(221, 344)"
100020.jpg,"(0, 0)"
100021.jpg,"(222, 252)"
100022.jpg,"(256, 341)"
100023.jpg,"(223, 384)"
100024.jpg,"(187, 298)"
100025.jpg,"(255, 387)"
100026.jpg,"(222, 341)"
100027.jpg,"(119, 296)"
100028.jpg,"(0, 0)"
100029.jpg,"(153, 341)"
100030.jpg,"(187, 387)"
100031.jpg,"(256, 298)"
100032.jpg,"(189, 340)"
100033.jpg,"(223, 384)"
100034.jpg,"(324, 341)"
100035.jpg,"(245, 341)"
100036.jpg,"(221, 252)"
100037.jpg,"(0, 0)"
100038.jpg,"(256, 207)"
100039.jpg,"(254, 343)"
100040.jpg,"(255, 206)"
100041.jpg,"(292, 341)"
100042.jpg,"(155, 250)"
100043.jpg,"(189, 341)"
100044.jpg,"(153, 204)"
100045.jpg,"(221, 252)"
100046.jpg,"(256, 344)"
100047.jpg,"(245, 341)"
100048.jpg,"(189, 343)"
100049.jpg,"(221, 161)"
100050.jpg,"(189, 340)"
100051.jpg,"(223, 341)"
100052.jpg,"(0, 0)"
100053.jpg,"(221, 341)"
100054.jpg,"(86, 341)"
100055.jpg,"(251, 298)"
100056.jpg,"(220, 344)"
100057.jpg,"(256, 387)"
100058.jpg,"(119, 207)"
100059.jpg,"(222, 252)"
100060.jpg,"(153, 205)"
100061.jpg,"(187, 344)"
100062.jpg,"(290, 298)"
100063.jpg,"(0, 0)"
100064.jpg,"(292, 204)"
100065.jpg,"(224, 298)"
100066.jpg,"(153, 298)"
100067.jpg,"(150, 479)"
100068.jpg,"(153, 296)"
100069.jpg,"(255, 252)"
100070.jpg,"(256, 387)"
100071.jpg,"(189, 296)"
100072.jpg,"(255, 252)"
100073.jpg,"(256, 298)"
100074.jpg,"(220, 343)"
100075.jpg,"(119, 158)"
100076.jpg,"(256, 387)"
100077.jpg,"(223, 252)"
100078.jpg,"(155, 252)"
100079.jpg,"(253, 298)"
100080.jpg,"(189, 341)"
100081.jpg,"(119, 158)"
100082.jpg,"(222, 249)"
100083.jpg,"(221, 296)"
100084.jpg,"(255, 343)"
100085.jpg,"(189, 295)"
100086.jpg,"(121, 250)"
100087.jpg,"(155, 298)"
100088.jpg,"(251, 343)"
100089.jpg,"(189, 478)"
100090.jpg,"(86, 341)"
100091.jpg,"(223, 343)"
100092.jpg,"(187, 341)"
100093.jpg,"(223, 343)"
100094.jpg,"(290, 344)"
100095.jpg,"(189, 298)"
100096.jpg,"(256, 387)"
100097.jpg,"(189, 295)"
100098.jpg,"(153, 341)"
100099.jpg,"(222, 389)"
100100.jpg,"(251, 343)"
100101.jpg,"(187, 295)"
100102.jpg,"(251, 298)"
100103.jpg,"(290, 204)"
100104.jpg,"(256, 387)"
100105.jpg,"(188, 249)"
100106.jpg,"(290, 250)"
100107.jpg,"(153, 298)"
100108.jpg,"(221, 248)"
100109.jpg,"(222, 385)"
100110.jpg,"(257, 341)"
100111.jpg,"(120, 296)"
100112.jpg,"(290, 341)"
100113.jpg,"(290, 296)"
100114.jpg,"(288, 526)"
100115.jpg,"(221, 385)"
100116.jpg,"(0, 0)"
100117.jpg,"(427, 570)"
100118.jpg,"(255, 298)"
100119.jpg,"(190, 252)"
100120.jpg,"(223, 296)"
100121.jpg,"(187, 341)"
100122.jpg,"(253, 344)"
100123.jpg,"(256, 295)"
100124.jpg,"(0, 0)"
100125.jpg,"(255, 250)"
100126.jpg,"(253, 252)"
100127.jpg,"(116, 341)"
100128.jpg,"(185, 344)"
100129.jpg,"(49, 433)"
100130.jpg,"(187, 297)"
100131.jpg,"(359, 68)"
100132.jpg,"(187, 341)"
100133.jpg,"(222, 295)"
100134.jpg,"(256, 298)"
100135.jpg,"(209, 207)"
100136.jpg,"(255, 295)"
100137.jpg,"(255, 249)"
100138.jpg,"(223, 342)"
100139.jpg,"(189, 432)"
100140.jpg,"(187, 296)"
100141.jpg,"(221, 298)"
100142.jpg,"(253, 252)"
100143.jpg,"(256, 250)"
100144.jpg,"(188, 390)"
100145.jpg,"(290, 341)"
100146.jpg,"(254, 298)"
100147.jpg,"(0, 0)"
100148.jpg,"(222, 296)"
100149.jpg,"(258, 570)"
100150.jpg,"(257, 343)"
100151.jpg,"(187, 340)"
100152.jpg,"(290, 343)"
100153.jpg,"(221, 435)"
100154.jpg,"(189, 295)"
100155.jpg,"(256, 386)"
100156.jpg,"(119, 251)"
100157.jpg,"(223, 387)"
100158.jpg,"(0, 0)"
100159.jpg,"(255, 250)"
100160.jpg,"(223, 344)"
100161.jpg,"(187, 249)"
100162.jpg,"(184, 298)"
100163.jpg,"(87, 344)"
100164.jpg,"(223, 251)"
100165.jpg,"(221, 298)"
100166.jpg,"(221, 341)"
100167.jpg,"(223, 341)"
100168.jpg,"(223, 341)"
100169.jpg,"(223, 298)"
100170.jpg,"(86, 435)"
100171.jpg,"(188, 296)"
100172.jpg,"(221, 295)"
100173.jpg,"(217, 341)"
100174.jpg,"(255, 297)"
100175.jpg,"(257, 294)"
100176.jpg,"(221, 389)"
100177.jpg,"(221, 341)"
100178.jpg,"(223, 161)"
100179.jpg,"(223, 339)"
100180.jpg,"(189, 341)"
100181.jpg,"(221, 389)"
100182.jpg,"(187, 341)"
100183.jpg,"(222, 341)"
100184.jpg,"(252, 296)"
100185.jpg,"(187, 250)"
100186.jpg,"(189, 252)"
100187.jpg,"(84, 206)"
100188.jpg,"(118, 204)"
100189.jpg,"(223, 341)"
100190.jpg,"(222, 341)"
100191.jpg,"(190, 296)"
100192.jpg,"(189, 298)"
100193.jpg,"(222, 252)"
100194.jpg,"(256, 295)"
100195.jpg,"(256, 387)"
100196.jpg,"(185, 340)"
100197.jpg,"(189, 387)"
100198.jpg,"(324, 341)"
100199.jpg,"(153, 434)"
100200.jpg,"(220, 341)"
100201.jpg,"(187, 386)"
100202.jpg,"(0, 0)"
100203.jpg,"(155, 341)"
100204.jpg,"(290, 295)"
100205.jpg,"(223, 158)"
100206.jpg,"(189, 295)"
100207.jpg,"(221, 341)"
100208.jpg,"(190, 296)"
100209.jpg,"(190, 206)"
100210.jpg,"(187, 295)"
100211.jpg,"(256, 298)"
100212.jpg,"(258, 387)"
100213.jpg,"(223, 344)"
100214.jpg,"(429, 570)"
100215.jpg,"(221, 298)"
100216.jpg,"(222, 252)"
100217.jpg,"(290, 252)"
100218.jpg,"(222, 252)"
100219.jpg,"(153, 298)"
100220.jpg,"(120, 250)"
100221.jpg,"(119, 298)"
100222.jpg,"(189, 386)"
100223.jpg,"(189, 341)"
100224.jpg,"(149, 295)"
100225.jpg,"(189, 341)"
100226.jpg,"(119, 206)"
100227.jpg,"(222, 298)"
100228.jpg,"(256, 341)"
100229.jpg,"(155, 292)"
100230.jpg,"(256, 295)"
100231.jpg,"(187, 386)"
100232.jpg,"(189, 341)"
100233.jpg,"(221, 298)"
100234.jpg,"(325, 478)"
100235.jpg,"(324, 252)"
100236.jpg,"(155, 252)"
100237.jpg,"(221, 296)"
100238.jpg,"(154, 343)"
100239.jpg,"(290, 296)"
100240.jpg,"(223, 298)"
100241.jpg,"(187, 434)"
100242.jpg,"(256, 341)"
100243.jpg,"(290, 252)"
100244.jpg,"(427, 295)"
100245.jpg,"(255, 341)"
100246.jpg,"(222, 341)"
100247.jpg,"(155, 207)"
100248.jpg,"(219, 298)"
100249.jpg,"(120, 298)"
100250.jpg,"(256, 341)"
100251.jpg,"(189, 252)"
100252.jpg,"(223, 340)"
100253.jpg,"(221, 296)"
100254.jpg,"(119, 389)"
100255.jpg,"(153, 341)"
100256.jpg,"(257, 341)"
100257.jpg,"(223, 298)"
100258.jpg,"(255, 341)"
100259.jpg,"(256, 298)"
100260.jpg,"(153, 298)"
100261.jpg,"(324, 341)"
100262.jpg,"(358, 204)"
100263.jpg,"(222, 298)"
100264.jpg,"(187, 252)"
100265.jpg,"(120, 298)"
100266.jpg,"(0, 0)"
100267.jpg,"(253, 341)"
100268.jpg,"(258, 434)"
100269.jpg,"(257, 296)"
100270.jpg,"(256, 298)"
100271.jpg,"(223, 253)"
100272.jpg,"(187, 296)"
100273.jpg,"(254, 344)"
100274.jpg,"(290, 524)"
100275.jpg,"(290, 298)"
100276.jpg,"(255, 298)"
100277.jpg,"(187, 387)"
100278.jpg,"(292, 341)"
100279.jpg,"(290, 251)"
100280.jpg,"(187, 252)"
100281.jpg,"(52, 386)"
100282.jpg,"(120, 296)"
100283.jpg,"(153, 207)"
100284.jpg,"(223, 339)"
100285.jpg,"(255, 341)"
100286.jpg,"(256, 204)"
100287.jpg,"(222, 298)"
100288.jpg,"(290, 294)"
100289.jpg,"(393, 341)"
100290.jpg,"(154, 159)"
100291.jpg,"(253, 252)"
100292.jpg,"(222, 250)"
100293.jpg,"(184, 296)"
100294.jpg,"(155, 387)"
100295.jpg,"(0, 0)"
100296.jpg,"(155, 252)"
100297.jpg,"(255, 252)"
100298.jpg,"(223, 386)"
100299.jpg,"(187, 432)"
100300.jpg,"(155, 298)"
100301.jpg,"(120, 387)"
100302.jpg,"(187, 295)"
100303.jpg,"(86, 250)"
100304.jpg,"(290, 252)"
100305.jpg,"(121, 298)"
100306.jpg,"(189, 341)"
100307.jpg,"(247, 344)"
100308.jpg,"(154, 295)"
100309.jpg,"(155, 343)"
100310.jpg,"(155, 389)"
100311.jpg,"(189, 250)"
100312.jpg,"(0, 0)"
100313.jpg,"(0, 0)"
100314.jpg,"(223, 341)"
100315.jpg,"(189, 252)"
100316.jpg,"(256, 344)"
100317.jpg,"(258, 341)"
100318.jpg,"(157, 295)"
100319.jpg,"(256, 204)"
100320.jpg,"(222, 341)"
100321.jpg,"(84, 296)"
100322.jpg,"(221, 434)"
100323.jpg,"(256, 343)"
100324.jpg,"(189, 431)"
100325.jpg,"(189, 387)"
100326.jpg,"(189, 341)"
100327.jpg,"(222, 294)"
100328.jpg,"(326, 387)"
100329.jpg,"(154, 296)"
100330.jpg,"(223, 251)"
100331.jpg,"(223, 295)"
100332.jpg,"(258, 206)"
100333.jpg,"(153, 252)"
100334.jpg,"(189, 207)"
100335.jpg,"(256, 252)"
100336.jpg,"(220, 252)"
100337.jpg,"(258, 295)"
100338.jpg,"(352, 251)"
100339.jpg,"(360, 204)"
100340.jpg,"(256, 295)"
100341.jpg,"(285, 298)"
100342.jpg,"(221, 252)"
100343.jpg,"(222, 387)"
100344.jpg,"(290, 341)"
100345.jpg,"(187, 295)"
100346.jpg,"(222, 295)"
100347.jpg,"(292, 344)"
100348.jpg,"(188, 344)"
100349.jpg,"(120, 296)"
100350.jpg,"(255, 387)"
100351.jpg,"(0, 0)"
100352.jpg,"(0, 0)"
100353.jpg,"(256, 298)"
100354.jpg,"(290, 295)"
100355.jpg,"(223, 344)"
100356.jpg,"(189, 344)"
100357.jpg,"(221, 252)"
100358.jpg,"(189, 295)"
100359.jpg,"(223, 341)"
100360.jpg,"(289, 295)"
100361.jpg,"(155, 524)"
100362.jpg,"(221, 204)"
100363.jpg,"(153, 570)"
100364.jpg,"(154, 113)"
100365.jpg,"(223, 298)"
100366.jpg,"(0, 0)"
100367.jpg,"(190, 343)"
100368.jpg,"(429, 570)"
100369.jpg,"(189, 296)"
100370.jpg,"(189, 296)"
100371.jpg,"(153, 387)"
100372.jpg,"(187, 250)"
100373.jpg,"(255, 206)"
100374.jpg,"(120, 206)"
100375.jpg,"(117, 295)"
100376.jpg,"(257, 341)"
100377.jpg,"(187, 387)"
100378.jpg,"(119, 341)"
100379.jpg,"(223, 341)"
100380.jpg,"(221, 335)"
100381.jpg,"(0, 0)"
100382.jpg,"(222, 298)"
100383.jpg,"(120, 66)"
100384.jpg,"(221, 341)"
100385.jpg,"(221, 249)"
100386.jpg,"(290, 252)"
100387.jpg,"(223, 296)"
100388.jpg,"(189, 292)"
100389.jpg,"(256, 336)"
100390.jpg,"(189, 298)"
100391.jpg,"(256, 161)"
100392.jpg,"(221, 344)"
100393.jpg,"(254, 295)"
100394.jpg,"(155, 296)"
100395.jpg,"(223, 295)"
100396.jpg,"(187, 341)"
100397.jpg,"(223, 386)"
100398.jpg,"(253, 298)"
100399.jpg,"(427, 527)"
100400.jpg,"(222, 296)"
100401.jpg,"(255, 252)"
100402.jpg,"(223, 387)"
100403.jpg,"(290, 298)"
100404.jpg,"(257, 433)"
100405.jpg,"(360, 296)"
100406.jpg,"(255, 341)"
100407.jpg,"(255, 344)"
100408.jpg,"(223, 341)"
100409.jpg,"(255, 387)"
100410.jpg,"(256, 341)"
100411.jpg,"(189, 296)"
100412.jpg,"(223, 298)"
100413.jpg,"(221, 341)"
100414.jpg,"(221, 299)"
100415.jpg,"(152, 341)"
100416.jpg,"(187, 341)"
100417.jpg,"(258, 298)"
100418.jpg,"(256, 251)"
100419.jpg,"(223, 341)"
100420.jpg,"(257, 298)"
100421.jpg,"(290, 386)"
100422.jpg,"(255, 298)"
100423.jpg,"(189, 387)"
100424.jpg,"(258, 386)"
100425.jpg,"(189, 341)"
100426.jpg,"(251, 298)"
100427.jpg,"(258, 295)"
100428.jpg,"(153, 295)"
100429.jpg,"(222, 341)"
100430.jpg,"(254, 387)"
100431.jpg,"(187, 387)"
100432.jpg,"(223, 386)"
100433.jpg,"(224, 298)"
100434.jpg,"(223, 341)"
100435.jpg,"(393, 298)"
100436.jpg,"(222, 298)"
100437.jpg,"(258, 526)"
100438.jpg,"(222, 295)"
100439.jpg,"(187, 250)"
100440.jpg,"(187, 340)"
100441.jpg,"(221, 386)"
100442.jpg,"(0, 0)"
100443.jpg,"(153, 295)"
100444.jpg,"(86, 296)"
100445.jpg,"(221, 341)"
100446.jpg,"(189, 298)"
100447.jpg,"(222, 252)"
100448.jpg,"(290, 478)"
100449.jpg,"(153, 341)"
100450.jpg,"(189, 298)"
100451.jpg,"(361, 432)"
100452.jpg,"(119, 341)"
100453.jpg,"(255, 298)"
100454.jpg,"(222, 341)"
100455.jpg,"(187, 295)"
100456.jpg,"(85, 204)"
100457.jpg,"(220, 343)"
100458.jpg,"(256, 296)"
100459.jpg,"(187, 206)"
100460.jpg,"(222, 298)"
100461.jpg,"(223, 341)"
100462.jpg,"(254, 343)"
100463.jpg,"(221, 296)"
100464.jpg,"(189, 296)"
100465.jpg,"(222, 341)"
100466.jpg,"(187, 341)"
100467.jpg,"(187, 386)"
100468.jpg,"(155, 341)"
100469.jpg,"(187, 298)"
100470.jpg,"(220, 341)"
100471.jpg,"(360, 113)"
100472.jpg,"(393, 344)"
100473.jpg,"(256, 298)"
100474.jpg,"(258, 343)"
100475.jpg,"(0, 0)"
100476.jpg,"(358, 114)"
100477.jpg,"(187, 387)"
100478.jpg,"(429, 524)"
100479.jpg,"(256, 341)"
100480.jpg,"(255, 298)"
100481.jpg,"(120, 298)"
100482.jpg,"(221, 248)"
100483.jpg,"(221, 342)"
100484.jpg,"(84, 386)"
100485.jpg,"(292, 296)"
100486.jpg,"(86, 298)"
100487.jpg,"(290, 341)"
100488.jpg,"(324, 341)"
100489.jpg,"(187, 297)"
100490.jpg,"(0, 0)"
100491.jpg,"(289, 204)"
100492.jpg,"(222, 67)"
100493.jpg,"(222, 341)"
100494.jpg,"(187, 249)"
100495.jpg,"(0, 0)"
100496.jpg,"(187, 341)"
100497.jpg,"(187, 341)"
100498.jpg,"(223, 295)"
100499.jpg,"(222, 298)"
100500.jpg,"(189, 341)"
100501.jpg,"(187, 298)"
100502.jpg,"(189, 298)"
100503.jpg,"(189, 343)"
100504.jpg,"(189, 341)"
100505.jpg,"(221, 297)"
100506.jpg,"(221, 252)"
100507.jpg,"(256, 298)"
100508.jpg,"(256, 298)"
100509.jpg,"(224, 298)"
100510.jpg,"(258, 343)"
100511.jpg,"(0, 0)"
100512.jpg,"(358, 114)"
100513.jpg,"(187, 387)"
100514.jpg,"(429, 524)"
100515.jpg,"(256, 341)"
100516.jpg,"(255, 298)"
100517.jpg,"(120, 298)"
100518.jpg,"(221, 248)"
100519.jpg,"(292, 296)"
100520.jpg,"(290, 341)"
100521.jpg,"(221, 432)"
100522.jpg,"(221, 298)"
100523.jpg,"(255, 207)"
100524.jpg,"(256, 113)"
100525.jpg,"(84, 250)"
100526.jpg,"(256, 298)"
100527.jpg,"(290, 298)"
100528.jpg,"(327, 298)"
100529.jpg,"(222, 387)"
100530.jpg,"(222, 298)"
100531.jpg,"(428, 570)"
100532.jpg,"(0, 0)"
100533.jpg,"(221, 249)"
100534.jpg,"(256, 340)"
100535.jpg,"(222, 298)"
100536.jpg,"(256, 341)"
100537.jpg,"(256, 389)"
100538.jpg,"(257, 298)"
100539.jpg,"(189, 387)"
100540.jpg,"(256, 253)"
100541.jpg,"(187, 341)"
100542.jpg,"(256, 250)"
100543.jpg,"(118, 296)"
100544.jpg,"(256, 341)"
100545.jpg,"(292, 570)"
100546.jpg,"(155, 206)"
100547.jpg,"(187, 206)"
100548.jpg,"(189, 344)"
100549.jpg,"(255, 389)"
100550.jpg,"(258, 344)"
100551.jpg,"(258, 298)"
100552.jpg,"(289, 298)"
100553.jpg,"(189, 341)"
100554.jpg,"(221, 206)"
100555.jpg,"(256, 296)"
100556.jpg,"(255, 298)"
100557.jpg,"(256, 343)"
100558.jpg,"(0, 0)"
100559.jpg,"(120, 67)"
100560.jpg,"(215, 295)"
100561.jpg,"(155, 387)"
100562.jpg,"(189, 295)"
100563.jpg,"(189, 387)"
100564.jpg,"(189, 340)"
100565.jpg,"(187, 435)"
100566.jpg,"(223, 298)"
100567.jpg,"(358, 387)"
100568.jpg,"(223, 342)"
100569.jpg,"(153, 250)"
100570.jpg,"(255, 478)"
100571.jpg,"(255, 425)"
100572.jpg,"(326, 250)"
100573.jpg,"(153, 298)"
100574.jpg,"(393, 295)"
100575.jpg,"(292, 252)"
100576.jpg,"(324, 249)"
100577.jpg,"(153, 341)"
100578.jpg,"(222, 341)"
100579.jpg,"(291, 387)"
100580.jpg,"(224, 343)"
100581.jpg,"(324, 298)"
100582.jpg,"(189, 341)"
100583.jpg,"(290, 341)"
100584.jpg,"(324, 341)"
100585.jpg,"(153, 341)"
100586.jpg,"(256, 250)"
100587.jpg,"(119, 478)"
100588.jpg,"(326, 298)"
100589.jpg,"(255, 296)"
100590.jpg,"(154, 343)"
100591.jpg,"(219, 252)"
100592.jpg,"(152, 387)"
100593.jpg,"(224, 341)"
100594.jpg,"(256, 250)"
100595.jpg,"(189, 298)"
100596.jpg,"(189, 341)"
100597.jpg,"(290, 341)"
100598.jpg,"(255, 295)"
100599.jpg,"(290, 298)"
100600.jpg,"(221, 344)"
100601.jpg,"(256, 298)"
100602.jpg,"(118, 389)"
100603.jpg,"(0, 0)"
100604.jpg,"(255, 341)"
100605.jpg,"(223, 341)"
100606.jpg,"(223, 296)"
100607.jpg,"(256, 341)"
100608.jpg,"(222, 296)"
100609.jpg,"(0, 0)"
100610.jpg,"(221, 112)"
100611.jpg,"(255, 207)"
100612.jpg,"(187, 341)"
100613.jpg,"(256, 298)"
100614.jpg,"(0, 0)"
100615.jpg,"(189, 341)"
100616.jpg,"(256, 385)"
100617.jpg,"(221, 341)"
100618.jpg,"(256, 298)"
100619.jpg,"(221, 344)"
100620.jpg,"(325, 341)"
100621.jpg,"(0, 0)"
100622.jpg,"(153, 298)"
100623.jpg,"(393, 524)"
100624.jpg,"(84, 298)"
100625.jpg,"(153, 206)"
100626.jpg,"(187, 249)"
100627.jpg,"(0, 0)"
100628.jpg,"(223, 295)"
100629.jpg,"(258, 344)"
100630.jpg,"(252, 342)"
100631.jpg,"(155, 341)"
100632.jpg,"(221, 252)"
100633.jpg,"(256, 341)"
100634.jpg,"(50, 478)"
100635.jpg,"(288, 344)"
100636.jpg,"(223, 298)"
100637.jpg,"(187, 387)"
100638.jpg,"(358, 295)"
100639.jpg,"(223, 387)"
100640.jpg,"(120, 248)"
100641.jpg,"(155, 295)"
100642.jpg,"(224, 294)"
100643.jpg,"(256, 297)"
100644.jpg,"(290, 295)"
100645.jpg,"(118, 524)"
100646.jpg,"(222, 387)"
100647.jpg,"(0, 0)"
100648.jpg,"(187, 250)"
100649.jpg,"(255, 204)"
100650.jpg,"(222, 433)"
100651.jpg,"(153, 204)"
100652.jpg,"(290, 341)"
100653.jpg,"(290, 387)"
100654.jpg,"(187, 387)"
100655.jpg,"(222, 295)"
100656.jpg,"(223, 389)"
100657.jpg,"(222, 341)"
100658.jpg,"(187, 298)"
100659.jpg,"(290, 432)"
100660.jpg,"(290, 341)"
100661.jpg,"(181, 341)"
100662.jpg,"(187, 250)"
100663.jpg,"(256, 341)"
100664.jpg,"(256, 250)"
100665.jpg,"(189, 250)"
100666.jpg,"(393, 250)"
100667.jpg,"(223, 296)"
100668.jpg,"(223, 343)"
100669.jpg,"(257, 338)"
100670.jpg,"(189, 295)"
100671.jpg,"(189, 435)"
100672.jpg,"(258, 299)"
100673.jpg,"(223, 296)"
100674.jpg,"(325, 205)"
100675.jpg,"(221, 432)"
100676.jpg,"(256, 252)"
100677.jpg,"(254, 343)"
100678.jpg,"(256, 387)"
100679.jpg,"(255, 297)"
100680.jpg,"(155, 343)"
100681.jpg,"(357, 295)"
100682.jpg,"(189, 387)"
100683.jpg,"(290, 204)"
100684.jpg,"(221, 250)"
100685.jpg,"(290, 298)"
100686.jpg,"(324, 341)"
100687.jpg,"(222, 298)"
100688.jpg,"(289, 252)"
100689.jpg,"(0, 0)"
100690.jpg,"(0, 0)"
100691.jpg,"(155, 204)"
100692.jpg,"(119, 249)"
100693.jpg,"(290, 296)"
100694.jpg,"(50, 161)"
100695.jpg,"(258, 298)"
100696.jpg,"(118, 204)"
100697.jpg,"(256, 298)"
100698.jpg,"(222, 298)"
100699.jpg,"(187, 204)"
100700.jpg,"(221, 341)"
100701.jpg,"(187, 435)"
100702.jpg,"(223, 344)"
100703.jpg,"(223, 344)"
100704.jpg,"(255, 340)"
100705.jpg,"(50, 387)"
100706.jpg,"(188, 342)"
100707.jpg,"(222, 387)"
100708.jpg,"(187, 389)"
100709.jpg,"(187, 343)"
100710.jpg,"(222, 297)"
100711.jpg,"(50, 341)"
100712.jpg,"(0, 0)"
100713.jpg,"(288, 343)"
100714.jpg,"(255, 295)"
100715.jpg,"(221, 341)"
100716.jpg,"(220, 341)"
100717.jpg,"(290, 298)"
100718.jpg,"(187, 386)"
100719.jpg,"(221, 251)"
100720.jpg,"(255, 298)"
100721.jpg,"(258, 341)"
100722.jpg,"(0, 0)"
100723.jpg,"(290, 387)"
100724.jpg,"(255, 296)"
100725.jpg,"(255, 341)"
100726.jpg,"(187, 386)"
100727.jpg,"(189, 206)"
100728.jpg,"(223, 341)"
100729.jpg,"(189, 343)"
100730.jpg,"(222, 206)"
100731.jpg,"(155, 158)"
100732.jpg,"(257, 341)"
100733.jpg,"(51, 298)"
100734.jpg,"(187, 344)"
100735.jpg,"(257, 342)"
100736.jpg,"(257, 341)"
100737.jpg,"(81, 159)"
100738.jpg,"(187, 341)"
100739.jpg,"(255, 161)"
100740.jpg,"(153, 432)"
100741.jpg,"(222, 341)"
100742.jpg,"(189, 341)"
100743.jpg,"(155, 341)"
100744.jpg,"(222, 387)"
100745.jpg,"(187, 204)"
100746.jpg,"(154, 341)"
100747.jpg,"(187, 386)"
100748.jpg,"(189, 389)"
100749.jpg,"(187, 251)"
100750.jpg,"(0, 0)"
100751.jpg,"(256, 298)"
100752.jpg,"(220, 206)"
100753.jpg,"(325, 252)"
100754.jpg,"(221, 341)"
100755.jpg,"(189, 298)"
100756.jpg,"(152, 386)"
100757.jpg,"(189, 252)"
100758.jpg,"(223, 478)"
100759.jpg,"(326, 298)"
100760.jpg,"(224, 298)"
100761.jpg,"(189, 387)"
100762.jpg,"(223, 161)"
100763.jpg,"(187, 477)"
100764.jpg,"(222, 387)"
100765.jpg,"(224, 295)"
100766.jpg,"(153, 433)"
100767.jpg,"(155, 478)"
100768.jpg,"(187, 343)"
100769.jpg,"(222, 432)"
100770.jpg,"(0, 0)"
100771.jpg,"(86, 341)"
100772.jpg,"(292, 250)"
100773.jpg,"(222, 344)"
100774.jpg,"(222, 252)"
100775.jpg,"(189, 341)"
100776.jpg,"(153, 343)"
100777.jpg,"(289, 252)"
100778.jpg,"(256, 67)"
100779.jpg,"(187, 431)"
100780.jpg,"(187, 250)"
100781.jpg,"(220, 296)"
100782.jpg,"(255, 341)"
100783.jpg,"(153, 341)"
100784.jpg,"(189, 341)"
100785.jpg,"(222, 295)"
100786.jpg,"(155, 246)"
100787.jpg,"(187, 341)"
100788.jpg,"(221, 524)"
100789.jpg,"(0, 0)"
100790.jpg,"(255, 337)"
100791.jpg,"(221, 341)"
100792.jpg,"(256, 295)"
100793.jpg,"(256, 341)"
100794.jpg,"(221, 341)"
100795.jpg,"(189, 251)"
100796.jpg,"(221, 341)"
100797.jpg,"(0, 0)"
100798.jpg,"(255, 387)"
100799.jpg,"(223, 252)"
100800.jpg,"(189, 249)"
100801.jpg,"(189, 524)"
100802.jpg,"(257, 343)"
100803.jpg,"(222, 298)"
100804.jpg,"(257, 295)"
100805.jpg,"(290, 341)"
100806.jpg,"(120, 386)"
100807.jpg,"(224, 67)"
100808.jpg,"(187, 386)"
100809.jpg,"(187, 343)"
100810.jpg,"(189, 341)"
100811.jpg,"(290, 298)"
100812.jpg,"(187, 250)"
100813.jpg,"(187, 252)"
100814.jpg,"(256, 341)"
100815.jpg,"(256, 298)"
100816.jpg,"(155, 298)"
100817.jpg,"(257, 386)"
100818.jpg,"(324, 389)"
100819.jpg,"(0, 0)"
100820.jpg,"(326, 207)"
100821.jpg,"(155, 298)"
100822.jpg,"(290, 298)"
100823.jpg,"(292, 250)"
100824.jpg,"(187, 386)"
100825.jpg,"(223, 295)"
100826.jpg,"(223, 339)"
100827.jpg,"(221, 389)"
100828.jpg,"(255, 341)"
100829.jpg,"(154, 297)"
100830.jpg,"(256, 385)"
100831.jpg,"(187, 251)"
100832.jpg,"(221, 478)"
100833.jpg,"(223, 294)"
100834.jpg,"(221, 296)"
100835.jpg,"(223, 341)"
100836.jpg,"(221, 341)"
100837.jpg,"(120, 387)"
100838.jpg,"(155, 386)"
100839.jpg,"(0, 0)"
100840.jpg,"(189, 344)"
100841.jpg,"(187, 296)"
100842.jpg,"(222, 252)"
100843.jpg,"(154, 298)"
100844.jpg,"(222, 341)"
100845.jpg,"(153, 386)"
100846.jpg,"(254, 342)"
100847.jpg,"(221, 432)"
100848.jpg,"(223, 298)"
100849.jpg,"(120, 387)"
100850.jpg,"(255, 204)"
100851.jpg,"(221, 387)"
100852.jpg,"(222, 295)"
100853.jpg,"(0, 0)"
100854.jpg,"(255, 342)"
100855.jpg,"(221, 204)"
100856.jpg,"(290, 479)"
100857.jpg,"(187, 206)"
100858.jpg,"(359, 341)"
100859.jpg,"(187, 298)"
100860.jpg,"(187, 524)"
100861.jpg,"(223, 294)"
100862.jpg,"(188, 295)"
100863.jpg,"(394, 252)"
100864.jpg,"(224, 341)"
100865.jpg,"(208, 344)"
100866.jpg,"(221, 343)"
100867.jpg,"(222, 250)"
100868.jpg,"(187, 341)"
100869.jpg,"(292, 341)"
100870.jpg,"(222, 252)"
100871.jpg,"(0, 0)"
100872.jpg,"(0, 0)"
100873.jpg,"(118, 343)"
100874.jpg,"(223, 339)"
100875.jpg,"(120, 298)"
100876.jpg,"(429, 569)"
100877.jpg,"(0, 0)"
100878.jpg,"(223, 341)"
100879.jpg,"(153, 252)"
100880.jpg,"(187, 251)"
100881.jpg,"(256, 524)"
100882.jpg,"(222, 387)"
100883.jpg,"(290, 252)"
100884.jpg,"(324, 250)"
100885.jpg,"(153, 161)"
100886.jpg,"(224, 340)"
100887.jpg,"(221, 339)"
100888.jpg,"(326, 297)"
100889.jpg,"(155, 249)"
100890.jpg,"(290, 342)"
100891.jpg,"(224, 341)"
100892.jpg,"(120, 341)"
100893.jpg,"(189, 344)"
100894.jpg,"(255, 250)"
100895.jpg,"(50, 341)"
100896.jpg,"(187, 341)"
100897.jpg,"(187, 341)"
100898.jpg,"(0, 0)"
100899.jpg,"(324, 161)"
100900.jpg,"(255, 252)"
100901.jpg,"(189, 387)"
100902.jpg,"(189, 298)"
100903.jpg,"(221, 341)"
100904.jpg,"(221, 341)"
100905.jpg,"(256, 343)"
100906.jpg,"(256, 158)"
100907.jpg,"(221, 298)"
100908.jpg,"(222, 478)"
100909.jpg,"(290, 296)"
100910.jpg,"(221, 298)"
100911.jpg,"(189, 338)"
100912.jpg,"(153, 385)"
100913.jpg,"(187, 295)"
100914.jpg,"(292, 298)"
100915.jpg,"(221, 250)"
100916.jpg,"(223, 341)"
100917.jpg,"(256, 344)"
100918.jpg,"(222, 204)"
100919.jpg,"(255, 343)"
100920.jpg,"(256, 341)"
100921.jpg,"(119, 344)"
100922.jpg,"(223, 387)"
100923.jpg,"(189, 298)"
100924.jpg,"(223, 296)"
100925.jpg,"(258, 298)"
100926.jpg,"(290, 341)"
100927.jpg,"(153, 387)"
100928.jpg,"(256, 344)"
100929.jpg,"(221, 339)"
100930.jpg,"(221, 387)"
100931.jpg,"(188, 295)"
100932.jpg,"(187, 204)"
100933.jpg,"(187, 344)"
100934.jpg,"(224, 341)"
100935.jpg,"(292, 250)"
100936.jpg,"(255, 478)"
100937.jpg,"(256, 390)"
100938.jpg,"(222, 298)"
100939.jpg,"(290, 298)"
100940.jpg,"(255, 342)"
100941.jpg,"(222, 387)"
100942.jpg,"(326, 386)"
100943.jpg,"(256, 432)"
100944.jpg,"(255, 339)"
100945.jpg,"(223, 297)"
100946.jpg,"(0, 0)"
100947.jpg,"(223, 340)"
100948.jpg,"(223, 298)"
100949.jpg,"(187, 206)"
100950.jpg,"(255, 386)"
100951.jpg,"(256, 159)"
100952.jpg,"(187, 206)"
100953.jpg,"(120, 433)"
100954.jpg,"(292, 206)"
100955.jpg,"(223, 252)"
100956.jpg,"(224, 206)"
100957.jpg,"(222, 205)"
100958.jpg,"(86, 298)"
100959.jpg,"(290, 250)"
100960.jpg,"(0, 0)"
100961.jpg,"(189, 387)"
100962.jpg,"(290, 250)"
100963.jpg,"(189, 205)"
100964.jpg,"(189, 206)"
100965.jpg,"(155, 298)"
100966.jpg,"(256, 298)"
100967.jpg,"(153, 296)"
100968.jpg,"(222, 388)"
100969.jpg,"(259, 387)"
100970.jpg,"(85, 113)"
100971.jpg,"(189, 344)"
100972.jpg,"(255, 294)"
100973.jpg,"(0, 0)"
100974.jpg,"(0, 0)"
100975.jpg,"(154, 386)"
100976.jpg,"(255, 202)"
100977.jpg,"(223, 298)"
100978.jpg,"(222, 387)"
100979.jpg,"(223, 341)"
100980.jpg,"(222, 295)"
100981.jpg,"(223, 389)"
100982.jpg,"(189, 298)"
100983.jpg,"(256, 251)"
100984.jpg,"(255, 298)"
100985.jpg,"(256, 341)"
100986.jpg,"(290, 296)"
100987.jpg,"(223, 295)"
100988.jpg,"(255, 341)"
100989.jpg,"(0, 0)"
100990.jpg,"(257, 342)"
100991.jpg,"(155, 387)"
100992.jpg,"(256, 295)"
100993.jpg,"(187, 341)"
100994.jpg,"(256, 341)"
100995.jpg,"(223, 158)"
100996.jpg,"(0, 0)"
100997.jpg,"(120, 296)"
100998.jpg,"(224, 298)"
100999.jpg,"(326, 341)"
101000.jpg,"(187, 295)"
101001.jpg,"(257, 252)"
101002.jpg,"(189, 341)"
101003.jpg,"(256, 343)"
101004.jpg,"(256, 387)"
101005.jpg,"(187, 252)"
101006.jpg,"(189, 296)"
101007.jpg,"(187, 524)"
101008.jpg,"(189, 386)"
101009.jpg,"(217, 251)"
101010.jpg,"(219, 298)"
101011.jpg,"(50, 432)"
101012.jpg,"(84, 341)"
101013.jpg,"(155, 252)"
101014.jpg,"(152, 205)"
101015.jpg,"(358, 298)"
101016.jpg,"(222, 343)"
101017.jpg,"(221, 296)"
101018.jpg,"(0, 0)"
101019.jpg,"(292, 250)"
101020.jpg,"(187, 386)"
101021.jpg,"(221, 298)"
101022.jpg,"(155, 295)"
101023.jpg,"(256, 341)"
101024.jpg,"(189, 341)"
101025.jpg,"(258, 298)"
101026.jpg,"(223, 204)"
101027.jpg,"(0, 0)"
101028.jpg,"(224, 341)"
101029.jpg,"(120, 161)"
101030.jpg,"(187, 478)"
101031.jpg,"(257, 249)"
101032.jpg,"(257, 297)"
101033.jpg,"(221, 252)"
101034.jpg,"(0, 0)"
101035.jpg,"(290, 113)"
101036.jpg,"(85, 387)"
101037.jpg,"(84, 295)"
101038.jpg,"(223, 250)"
101039.jpg,"(359, 249)"
101040.jpg,"(256, 251)"
101041.jpg,"(223, 252)"
101042.jpg,"(154, 295)"
101043.jpg,"(256, 158)"
101044.jpg,"(221, 295)"
101045.jpg,"(222, 387)"
101046.jpg,"(187, 206)"
101047.jpg,"(223, 387)"
101048.jpg,"(255, 161)"
101049.jpg,"(0, 0)"
101050.jpg,"(221, 389)"
101051.jpg,"(258, 341)"
101052.jpg,"(356, 435)"
101053.jpg,"(290, 204)"
101054.jpg,"(85, 387)"
101055.jpg,"(84, 295)"
101056.jpg,"(223, 250)"
101057.jpg,"(359, 249)"
101058.jpg,"(256, 251)"
101059.jpg,"(223, 252)"
101060.jpg,"(154, 295)"
101061.jpg,"(189, 296)"
101062.jpg,"(221, 478)"
101063.jpg,"(154, 161)"
101064.jpg,"(256, 344)"
101065.jpg,"(222, 341)"
101066.jpg,"(222, 341)"
101067.jpg,"(223, 298)"
101068.jpg,"(189, 341)"
101069.jpg,"(187, 340)"
101070.jpg,"(0, 0)"
101071.jpg,"(223, 481)"
101072.jpg,"(187, 524)"
101073.jpg,"(223, 341)"
101074.jpg,"(189, 295)"
101075.jpg,"(257, 390)"
101076.jpg,"(189, 298)"
101077.jpg,"(223, 386)"
101078.jpg,"(258, 341)"
101079.jpg,"(255, 298)"
101080.jpg,"(223, 341)"
101081.jpg,"(187, 341)"
101082.jpg,"(222, 341)"
101083.jpg,"(223, 251)"
101084.jpg,"(255, 340)"
101085.jpg,"(257, 158)"
101086.jpg,"(155, 295)"
101087.jpg,"(221, 296)"
101088.jpg,"(155, 295)"
101089.jpg,"(217, 386)"
101090.jpg,"(187, 295)"
101091.jpg,"(153, 295)"
101092.jpg,"(223, 161)"
101093.jpg,"(324, 113)"
101094.jpg,"(50, 572)"
101095.jpg,"(187, 295)"
101096.jpg,"(189, 341)"
101097.jpg,"(221, 298)"
101098.jpg,"(222, 524)"
101099.jpg,"(187, 251)"
101100.jpg,"(221, 387)"
101101.jpg,"(258, 298)"
101102.jpg,"(223, 341)"
101103.jpg,"(255, 250)"
101104.jpg,"(256, 298)"
101105.jpg,"(153, 295)"
101106.jpg,"(189, 252)"
101107.jpg,"(223, 295)"
101108.jpg,"(256, 298)"
101109.jpg,"(0, 0)"
101110.jpg,"(187, 295)"
101111.jpg,"(222, 296)"
101112.jpg,"(256, 344)"
101113.jpg,"(256, 295)"
101114.jpg,"(221, 340)"
101115.jpg,"(52, 295)"
101116.jpg,"(187, 250)"
101117.jpg,"(189, 385)"
101118.jpg,"(257, 296)"
101119.jpg,"(223, 297)"
101120.jpg,"(153, 250)"
101121.jpg,"(221, 204)"
101122.jpg,"(223, 296)"
101123.jpg,"(155, 249)"
101124.jpg,"(256, 295)"
101125.jpg,"(361, 343)"
101126.jpg,"(187, 298)"
101127.jpg,"(223, 389)"
101128.jpg,"(256, 115)"
101129.jpg,"(50, 112)"
101130.jpg,"(221, 432)"
101131.jpg,"(189, 344)"
101132.jpg,"(221, 296)"
101133.jpg,"(258, 298)"
101134.jpg,"(223, 341)"
101135.jpg,"(290, 387)"
101136.jpg,"(187, 252)"
101137.jpg,"(223, 295)"
101138.jpg,"(223, 247)"
101139.jpg,"(155, 298)"
101140.jpg,"(206, 341)"
101141.jpg,"(0, 0)"
101142.jpg,"(187, 295)"
101143.jpg,"(155, 387)"
101144.jpg,"(325, 298)"
101145.jpg,"(257, 435)"
101146.jpg,"(255, 252)"
101147.jpg,"(189, 341)"
101148.jpg,"(50, 298)"
101149.jpg,"(120, 206)"
101150.jpg,"(187, 207)"
101151.jpg,"(118, 67)"
101152.jpg,"(255, 343)"
101153.jpg,"(221, 250)"
101154.jpg,"(221, 344)"
101155.jpg,"(222, 298)"
101156.jpg,"(221, 341)"
101157.jpg,"(257, 205)"
101158.jpg,"(189, 298)"
101159.jpg,"(221, 433)"
101160.jpg,"(256, 341)"
101161.jpg,"(221, 298)"
101162.jpg,"(256, 295)"
101163.jpg,"(153, 344)"
101164.jpg,"(50, 434)"
101165.jpg,"(256, 341)"
101166.jpg,"(290, 344)"
101167.jpg,"(254, 204)"
101168.jpg,"(223, 298)"
101169.jpg,"(222, 341)"
101170.jpg,"(255, 343)"
101171.jpg,"(290, 387)"
101172.jpg,"(222, 250)"
101173.jpg,"(0, 0)"
101174.jpg,"(360, 341)"
101175.jpg,"(292, 297)"
101176.jpg,"(189, 204)"
101177.jpg,"(221, 297)"
101178.jpg,"(256, 250)"
101179.jpg,"(0, 0)"
101180.jpg,"(223, 295)"
101181.jpg,"(256, 341)"
101182.jpg,"(155, 298)"
101183.jpg,"(223, 478)"
101184.jpg,"(155, 387)"
101185.jpg,"(152, 435)"
101186.jpg,"(325, 298)"
101187.jpg,"(155, 298)"
101188.jpg,"(256, 297)"
101189.jpg,"(255, 386)"
101190.jpg,"(187, 341)"
101191.jpg,"(152, 249)"
101192.jpg,"(221, 298)"
101193.jpg,"(187, 341)"
101194.jpg,"(187, 434)"
101195.jpg,"(222, 387)"
101196.jpg,"(118, 389)"
101197.jpg,"(222, 252)"
101198.jpg,"(187, 341)"
101199.jpg,"(290, 341)"
101200.jpg,"(359, 204)"
101201.jpg,"(155, 298)"
101202.jpg,"(0, 0)"
101203.jpg,"(222, 295)"
101204.jpg,"(185, 295)"
101205.jpg,"(256, 340)"
101206.jpg,"(223, 246)"
101207.jpg,"(223, 161)"
101208.jpg,"(224, 341)"
101209.jpg,"(224, 250)"
101210.jpg,"(152, 387)"
101211.jpg,"(221, 250)"
101212.jpg,"(290, 295)"
101213.jpg,"(187, 341)"
101214.jpg,"(257, 298)"
101215.jpg,"(221, 298)"
101216.jpg,"(153, 433)"
101217.jpg,"(187, 69)"
101218.jpg,"(222, 295)"
101219.jpg,"(154, 341)"
101220.jpg,"(255, 298)"
101221.jpg,"(224, 296)"
101222.jpg,"(326, 387)"
101223.jpg,"(256, 298)"
101224.jpg,"(223, 433)"
101225.jpg,"(222, 298)"
101226.jpg,"(292, 295)"
101227.jpg,"(153, 384)"
101228.jpg,"(85, 524)"
101229.jpg,"(324, 389)"
101230.jpg,"(221, 161)"
101231.jpg,"(187, 206)"
101232.jpg,"(222, 252)"
101233.jpg,"(256, 296)"
101234.jpg,"(223, 344)"
101235.jpg,"(189, 248)"
101236.jpg,"(187, 341)"
101237.jpg,"(324, 481)"
101238.jpg,"(258, 249)"
101239.jpg,"(325, 115)"
101240.jpg,"(187, 341)"
101241.jpg,"(189, 387)"
101242.jpg,"(189, 207)"
101243.jpg,"(189, 253)"
101244.jpg,"(223, 298)"
101245.jpg,"(221, 298)"
101246.jpg,"(221, 69)"
101247.jpg,"(0, 0)"
101248.jpg,"(221, 387)"
101249.jpg,"(253, 341)"
101250.jpg,"(187, 203)"
101251.jpg,"(255, 341)"
101252.jpg,"(187, 207)"
101253.jpg,"(361, 160)"
101254.jpg,"(189, 341)"
101255.jpg,"(187, 341)"
101256.jpg,"(155, 206)"
101257.jpg,"(256, 296)"
101258.jpg,"(222, 343)"
101259.jpg,"(254, 252)"
101260.jpg,"(221, 204)"
101261.jpg,"(86, 527)"
101262.jpg,"(119, 387)"
101263.jpg,"(222, 295)"
101264.jpg,"(154, 298)"
101265.jpg,"(155, 298)"
101266.jpg,"(256, 298)"
101267.jpg,"(222, 296)"
101268.jpg,"(187, 295)"
101269.jpg,"(187, 297)"
101270.jpg,"(84, 251)"
101271.jpg,"(254, 298)"
101272.jpg,"(223, 158)"
101273.jpg,"(187, 251)"
101274.jpg,"(223, 298)"
101275.jpg,"(256, 343)"
101276.jpg,"(358, 387)"
101277.jpg,"(221, 341)"
101278.jpg,"(153, 387)"
101279.jpg,"(187, 344)"
101280.jpg,"(189, 341)"
101281.jpg,"(429, 570)"
101282.jpg,"(154, 433)"
101283.jpg,"(257, 387)"
101284.jpg,"(223, 341)"
101285.jpg,"(187, 298)"
101286.jpg,"(290, 252)"
101287.jpg,"(0, 0)"
101288.jpg,"(256, 340)"
101289.jpg,"(187, 341)"
101290.jpg,"(52, 295)"
101291.jpg,"(120, 295)"
101292.jpg,"(288, 341)"
101293.jpg,"(153, 344)"
101294.jpg,"(191, 295)"
101295.jpg,"(187, 252)"
101296.jpg,"(187, 251)"
101297.jpg,"(222, 298)"
101298.jpg,"(222, 250)"
101299.jpg,"(153, 341)"
101300.jpg,"(292, 524)"
101301.jpg,"(292, 111)"
101302.jpg,"(187, 204)"
101303.jpg,"(324, 341)"
101304.jpg,"(223, 296)"
101305.jpg,"(187, 341)"
101306.jpg,"(221, 339)"
101307.jpg,"(258, 387)"
101308.jpg,"(290, 296)"
101309.jpg,"(221, 341)"
101310.jpg,"(223, 295)"
101311.jpg,"(256, 342)"
101312.jpg,"(292, 252)"
101313.jpg,"(223, 244)"
101314.jpg,"(221, 384)"
101315.jpg,"(189, 343)"
101316.jpg,"(255, 344)"
101317.jpg,"(187, 340)"
101318.jpg,"(121, 206)"
101319.jpg,"(86, 387)"
101320.jpg,"(187, 298)"
101321.jpg,"(119, 570)"
101322.jpg,"(119, 158)"
101323.jpg,"(185, 252)"
101324.jpg,"(189, 341)"
101325.jpg,"(427, 113)"
101326.jpg,"(290, 252)"
101327.jpg,"(0, 0)"
101328.jpg,"(256, 341)"
101329.jpg,"(50, 237)"
101330.jpg,"(258, 344)"
101331.jpg,"(255, 253)"
101332.jpg,"(258, 296)"
101333.jpg,"(223, 295)"
101334.jpg,"(219, 298)"
101335.jpg,"(189, 161)"
101336.jpg,"(220, 343)"
101337.jpg,"(152, 298)"
101338.jpg,"(290, 115)"
101339.jpg,"(117, 342)"
101340.jpg,"(255, 386)"
101341.jpg,"(221, 297)"
101342.jpg,"(286, 386)"
101343.jpg,"(187, 298)"
101344.jpg,"(324, 478)"
101345.jpg,"(290, 295)"
101346.jpg,"(0, 0)"
101347.jpg,"(119, 296)"
101348.jpg,"(118, 571)"
101349.jpg,"(255, 295)"
101350.jpg,"(187, 387)"
101351.jpg,"(393, 524)"
101352.jpg,"(85, 525)"
101353.jpg,"(50, 387)"
101354.jpg,"(189, 387)"
101355.jpg,"(221, 298)"
101356.jpg,"(0, 0)"
101357.jpg,"(189, 161)"
101358.jpg,"(189, 158)"
101359.jpg,"(155, 341)"
101360.jpg,"(189, 341)"
101361.jpg,"(0, 0)"
101362.jpg,"(0, 0)"
101363.jpg,"(189, 295)"
101364.jpg,"(219, 298)"
101365.jpg,"(0, 0)"
101366.jpg,"(221, 296)"
101367.jpg,"(82, 297)"
101368.jpg,"(155, 295)"
101369.jpg,"(221, 293)"
101370.jpg,"(427, 527)"
101371.jpg,"(255, 341)"
101372.jpg,"(223, 298)"
101373.jpg,"(189, 341)"
101374.jpg,"(258, 341)"
101375.jpg,"(0, 0)"
101376.jpg,"(258, 161)"
101377.jpg,"(187, 432)"
101378.jpg,"(257, 387)"
101379.jpg,"(222, 296)"
101380.jpg,"(50, 387)"
101381.jpg,"(0, 0)"
101382.jpg,"(255, 341)"
101383.jpg,"(252, 250)"
101384.jpg,"(223, 250)"
101385.jpg,"(189, 298)"
101386.jpg,"(222, 340)"
101387.jpg,"(221, 298)"
101388.jpg,"(359, 478)"
101389.jpg,"(120, 251)"
101390.jpg,"(187, 204)"
101391.jpg,"(187, 341)"
101392.jpg,"(189, 387)"
101393.jpg,"(189, 341)"
101394.jpg,"(86, 341)"
101395.jpg,"(223, 298)"
101396.jpg,"(187, 341)"
101397.jpg,"(222, 341)"
101398.jpg,"(155, 343)"
101399.jpg,"(155, 298)"
101400.jpg,"(187, 341)"
101401.jpg,"(221, 341)"
101402.jpg,"(222, 296)"
101403.jpg,"(257, 296)"
101404.jpg,"(155, 252)"
101405.jpg,"(187, 252)"
101406.jpg,"(429, 570)"
101407.jpg,"(256, 115)"
101408.jpg,"(255, 252)"
101409.jpg,"(222, 341)"
101410.jpg,"(153, 298)"
101411.jpg,"(152, 344)"
101412.jpg,"(258, 341)"
101413.jpg,"(152, 296)"
101414.jpg,"(256, 252)"
101415.jpg,"(154, 249)"
101416.jpg,"(187, 294)"
101417.jpg,"(221, 298)"
101418.jpg,"(0, 0)"
101419.jpg,"(52, 207)"
101420.jpg,"(153, 341)"
101421.jpg,"(187, 341)"
101422.jpg,"(222, 295)"
101423.jpg,"(187, 341)"
101424.jpg,"(187, 433)"
101425.jpg,"(187, 386)"
101426.jpg,"(222, 252)"
101427.jpg,"(221, 67)"
101428.jpg,"(223, 387)"
101429.jpg,"(189, 250)"
101430.jpg,"(189, 343)"
101431.jpg,"(187, 295)"
101432.jpg,"(187, 478)"
101433.jpg,"(188, 250)"
101434.jpg,"(190, 432)"
101435.jpg,"(255, 295)"
101436.jpg,"(86, 297)"
101437.jpg,"(187, 295)"
101438.jpg,"(222, 298)"
101439.jpg,"(255, 298)"
101440.jpg,"(255, 385)"
101441.jpg,"(187, 435)"
101442.jpg,"(217, 251)"
101443.jpg,"(221, 390)"
101444.jpg,"(221, 298)"
101445.jpg,"(221, 298)"
101446.jpg,"(189, 340)"
101447.jpg,"(84, 341)"
101448.jpg,"(189, 341)"
101449.jpg,"(0, 0)"
101450.jpg,"(223, 251)"
101451.jpg,"(154, 341)"
101452.jpg,"(86, 344)"
101453.jpg,"(257, 249)"
101454.jpg,"(290, 298)"
101455.jpg,"(86, 295)"
101456.jpg,"(184, 341)"
101457.jpg,"(119, 570)"
101458.jpg,"(254, 432)"
101459.jpg,"(189, 298)"
101460.jpg,"(223, 206)"
101461.jpg,"(0, 0)"
101462.jpg,"(50, 206)"
101463.jpg,"(189, 252)"
101464.jpg,"(253, 298)"
101465.jpg,"(189, 341)"
101466.jpg,"(189, 295)"
101467.jpg,"(84, 341)"
101468.jpg,"(119, 344)"
101469.jpg,"(223, 206)"
101470.jpg,"(189, 341)"
101471.jpg,"(220, 343)"
101472.jpg,"(256, 389)"
101473.jpg,"(155, 387)"
101474.jpg,"(256, 344)"
101475.jpg,"(189, 298)"
101476.jpg,"(221, 342)"
101477.jpg,"(187, 298)"
101478.jpg,"(221, 295)"
101479.jpg,"(153, 298)"
101480.jpg,"(221, 295)"
101481.jpg,"(221, 295)"
101482.jpg,"(325, 387)"
101483.jpg,"(118, 432)"
101484.jpg,"(0, 0)"
101485.jpg,"(221, 298)"
101486.jpg,"(187, 341)"
101487.jpg,"(188, 250)"
101488.jpg,"(187, 297)"
101489.jpg,"(153, 389)"
101490.jpg,"(0, 0)"
101491.jpg,"(222, 252)"
101492.jpg,"(427, 341)"
101493.jpg,"(223, 481)"
101494.jpg,"(223, 297)"
101495.jpg,"(221, 253)"
101496.jpg,"(240, 341)"
101497.jpg,"(0, 0)"
101498.jpg,"(187, 386)"
101499.jpg,"(221, 295)"
101500.jpg,"(187, 343)"
101501.jpg,"(255, 295)"
101502.jpg,"(0, 0)"
101503.jpg,"(52, 204)"
101504.jpg,"(221, 387)"
101505.jpg,"(256, 341)"
101506.jpg,"(0, 0)"
101507.jpg,"(290, 295)"
101508.jpg,"(83, 387)"
101509.jpg,"(221, 386)"
101510.jpg,"(222, 203)"
101511.jpg,"(0, 0)"
101512.jpg,"(85, 343)"
101513.jpg,"(187, 343)"
101514.jpg,"(222, 298)"
101515.jpg,"(86, 341)"
101516.jpg,"(153, 387)"
101517.jpg,"(153, 298)"
101518.jpg,"(222, 298)"
101519.jpg,"(290, 298)"
101520.jpg,"(222, 298)"
101521.jpg,"(189, 298)"
101522.jpg,"(152, 295)"
101523.jpg,"(189, 386)"
101524.jpg,"(221, 295)"
101525.jpg,"(222, 296)"
101526.jpg,"(326, 298)"
101527.jpg,"(187, 295)"
101528.jpg,"(256, 298)"
101529.jpg,"(256, 158)"
101530.jpg,"(221, 298)"
101531.jpg,"(221, 338)"
101532.jpg,"(223, 335)"
101533.jpg,"(222, 295)"
101534.jpg,"(221, 296)"
101535.jpg,"(153, 434)"
101536.jpg,"(153, 252)"
101537.jpg,"(222, 295)"
101538.jpg,"(155, 298)"
101539.jpg,"(256, 387)"
101540.jpg,"(119, 294)"
101541.jpg,"(187, 297)"
101542.jpg,"(359, 252)"
101543.jpg,"(221, 340)"
101544.jpg,"(221, 296)"
101545.jpg,"(118, 295)"
101546.jpg,"(222, 295)"
101547.jpg,"(119, 251)"
101548.jpg,"(121, 298)"
101549.jpg,"(189, 389)"
101550.jpg,"(52, 344)"
101551.jpg,"(187, 386)"
101552.jpg,"(255, 252)"
101553.jpg,"(189, 344)"
101554.jpg,"(187, 158)"
101555.jpg,"(189, 344)"
101556.jpg,"(187, 344)"
101557.jpg,"(0, 0)"
101558.jpg,"(153, 341)"
101559.jpg,"(324, 296)"
101560.jpg,"(359, 341)"
101561.jpg,"(188, 296)"
101562.jpg,"(256, 298)"
101563.jpg,"(222, 298)"
101564.jpg,"(221, 159)"
101565.jpg,"(256, 206)"
101566.jpg,"(258, 298)"
101567.jpg,"(189, 341)"
101568.jpg,"(187, 344)"
101569.jpg,"(153, 298)"
101570.jpg,"(155, 295)"
101571.jpg,"(256, 298)"
101572.jpg,"(223, 297)"
101573.jpg,"(221, 341)"
101574.jpg,"(155, 344)"
101575.jpg,"(221, 296)"
101576.jpg,"(153, 343)"
101577.jpg,"(255, 252)"
101578.jpg,"(155, 295)"
101579.jpg,"(0, 0)"
101580.jpg,"(290, 341)"
101581.jpg,"(120, 341)"
101582.jpg,"(0, 0)"
101583.jpg,"(290, 297)"
101584.jpg,"(256, 344)"
101585.jpg,"(223, 161)"
101586.jpg,"(153, 341)"
101587.jpg,"(256, 295)"
101588.jpg,"(155, 341)"
101589.jpg,"(189, 295)"
101590.jpg,"(153, 341)"
101591.jpg,"(290, 204)"
101592.jpg,"(222, 389)"
101593.jpg,"(155, 389)"
101594.jpg,"(222, 432)"
101595.jpg,"(222, 343)"
101596.jpg,"(221, 252)"
101597.jpg,"(153, 386)"
101598.jpg,"(256, 387)"
101599.jpg,"(257, 433)"
101600.jpg,"(190, 341)"
101601.jpg,"(153, 386)"
101602.jpg,"(187, 387)"
101603.jpg,"(255, 340)"
101604.jpg,"(255, 296)"
101605.jpg,"(324, 341)"
101606.jpg,"(222, 298)"
101607.jpg,"(359, 389)"
101608.jpg,"(324, 343)"
101609.jpg,"(255, 341)"
101610.jpg,"(187, 341)"
101611.jpg,"(0, 0)"
101612.jpg,"(290, 296)"
101613.jpg,"(223, 341)"
101614.jpg,"(155, 295)"
101615.jpg,"(290, 298)"
101616.jpg,"(187, 341)"
101617.jpg,"(256, 344)"
101618.jpg,"(256, 343)"
101619.jpg,"(155, 249)"
101620.jpg,"(217, 298)"
101621.jpg,"(187, 341)"
101622.jpg,"(258, 296)"
101623.jpg,"(222, 115)"
101624.jpg,"(221, 295)"
101625.jpg,"(324, 341)"
101626.jpg,"(249, 343)"
101627.jpg,"(290, 115)"
101628.jpg,"(255, 341)"
101629.jpg,"(189, 115)"
101630.jpg,"(190, 296)"
101631.jpg,"(256, 341)"
101632.jpg,"(255, 295)"
101633.jpg,"(255, 296)"
101634.jpg,"(189, 295)"
101635.jpg,"(187, 344)"
101636.jpg,"(217, 386)"
101637.jpg,"(222, 343)"
101638.jpg,"(189, 344)"
101639.jpg,"(187, 341)"
101640.jpg,"(222, 298)"
101641.jpg,"(324, 341)"
101642.jpg,"(221, 251)"
101643.jpg,"(222, 344)"
101644.jpg,"(52, 206)"
101645.jpg,"(187, 387)"
101646.jpg,"(221, 343)"
101647.jpg,"(221, 341)"
101648.jpg,"(223, 298)"
101649.jpg,"(153, 295)"
101650.jpg,"(255, 250)"
101651.jpg,"(119, 481)"
101652.jpg,"(222, 341)"
101653.jpg,"(222, 389)"
101654.jpg,"(223, 296)"
101655.jpg,"(221, 253)"
101656.jpg,"(189, 472)"
101657.jpg,"(155, 433)"
101658.jpg,"(223, 389)"
101659.jpg,"(221, 298)"
101660.jpg,"(187, 340)"
101661.jpg,"(360, 203)"
101662.jpg,"(223, 250)"
101663.jpg,"(187, 344)"
101664.jpg,"(256, 343)"
101665.jpg,"(187, 343)"
101666.jpg,"(187, 387)"
101667.jpg,"(187, 386)"
101668.jpg,"(219, 295)"
101669.jpg,"(222, 344)"
101670.jpg,"(150, 341)"
101671.jpg,"(221, 341)"
101672.jpg,"(120, 251)"
101673.jpg,"(0, 0)"
101674.jpg,"(155, 343)"
101675.jpg,"(155, 295)"
101676.jpg,"(189, 429)"
101677.jpg,"(222, 298)"
101678.jpg,"(189, 295)"
101679.jpg,"(187, 295)"
101680.jpg,"(187, 298)"
101681.jpg,"(0, 0)"
101682.jpg,"(0, 0)"
101683.jpg,"(0, 0)"
101684.jpg,"(290, 341)"
101685.jpg,"(221, 207)"
101686.jpg,"(224, 296)"
101687.jpg,"(187, 298)"
101688.jpg,"(255, 204)"
101689.jpg,"(182, 341)"
101690.jpg,"(155, 341)"
101691.jpg,"(155, 432)"
101692.jpg,"(153, 298)"
101693.jpg,"(187, 295)"
101694.jpg,"(155, 298)"
101695.jpg,"(256, 298)"
101696.jpg,"(223, 296)"
101697.jpg,"(223, 341)"
101698.jpg,"(360, 341)"
101699.jpg,"(255, 341)"
101700.jpg,"(189, 297)"
101701.jpg,"(324, 341)"
101702.jpg,"(221, 341)"
101703.jpg,"(152, 341)"
101704.jpg,"(221, 387)"
101705.jpg,"(223, 204)"
101706.jpg,"(223, 339)"
101707.jpg,"(187, 432)"
101708.jpg,"(121, 207)"
101709.jpg,"(187, 386)"
101710.jpg,"(119, 205)"
101711.jpg,"(221, 385)"
101712.jpg,"(256, 296)"
101713.jpg,"(120, 294)"
101714.jpg,"(221, 295)"
101715.jpg,"(292, 69)"
101716.jpg,"(187, 252)"
101717.jpg,"(187, 433)"
101718.jpg,"(116, 389)"
101719.jpg,"(155, 341)"
101720.jpg,"(118, 387)"
101721.jpg,"(258, 431)"
101722.jpg,"(155, 295)"
101723.jpg,"(0, 0)"
101724.jpg,"(187, 387)"
101725.jpg,"(120, 252)"
101726.jpg,"(257, 298)"
101727.jpg,"(292, 298)"
101728.jpg,"(223, 344)"
101729.jpg,"(221, 252)"
101730.jpg,"(256, 386)"
101731.jpg,"(0, 0)"
101732.jpg,"(153, 250)"
101733.jpg,"(120, 249)"
101734.jpg,"(222, 293)"
101735.jpg,"(187, 206)"
101736.jpg,"(292, 344)"
101737.jpg,"(220, 386)"
101738.jpg,"(223, 297)"
101739.jpg,"(222, 435)"
101740.jpg,"(223, 250)"
101741.jpg,"(256, 387)"
101742.jpg,"(221, 298)"
101743.jpg,"(258, 193)"
101744.jpg,"(0, 0)"
101745.jpg,"(0, 0)"
101746.jpg,"(292, 297)"
101747.jpg,"(189, 295)"
101748.jpg,"(255, 205)"
101749.jpg,"(118, 294)"
101750.jpg,"(153, 252)"
101751.jpg,"(0, 0)"
101752.jpg,"(290, 250)"
101753.jpg,"(268, 341)"
101754.jpg,"(120, 250)"
101755.jpg,"(256, 207)"
101756.jpg,"(222, 298)"
101757.jpg,"(256, 344)"
101758.jpg,"(429, 527)"
101759.jpg,"(221, 341)"
101760.jpg,"(255, 297)"
101761.jpg,"(187, 250)"
101762.jpg,"(255, 298)"
101763.jpg,"(187, 252)"
101764.jpg,"(221, 295)"
101765.jpg,"(221, 296)"
101766.jpg,"(153, 206)"
101767.jpg,"(0, 0)"
101768.jpg,"(221, 204)"
101769.jpg,"(187, 207)"
101770.jpg,"(255, 296)"
101771.jpg,"(429, 526)"
101772.jpg,"(153, 158)"
101773.jpg,"(154, 295)"
101774.jpg,"(187, 386)"
101775.jpg,"(220, 252)"
101776.jpg,"(187, 341)"
101777.jpg,"(0, 0)"
101778.jpg,"(256, 389)"
101779.jpg,"(287, 298)"
101780.jpg,"(224, 343)"
101781.jpg,"(155, 387)"
101782.jpg,"(187, 387)"
101783.jpg,"(157, 253)"
101784.jpg,"(222, 296)"
101785.jpg,"(223, 298)"
101786.jpg,"(189, 298)"
101787.jpg,"(0, 0)"
101788.jpg,"(189, 298)"
101789.jpg,"(187, 295)"
101790.jpg,"(187, 252)"
101791.jpg,"(258, 343)"
101792.jpg,"(50, 298)"
101793.jpg,"(189, 340)"
101794.jpg,"(222, 341)"
101795.jpg,"(223, 341)"
101796.jpg,"(257, 158)"
101797.jpg,"(189, 206)"
101798.jpg,"(360, 161)"
101799.jpg,"(187, 296)"
101800.jpg,"(290, 389)"
101801.jpg,"(155, 250)"
101802.jpg,"(290, 387)"
101803.jpg,"(119, 433)"
101804.jpg,"(187, 204)"
101805.jpg,"(153, 341)"
101806.jpg,"(290, 343)"
101807.jpg,"(255, 340)"
101808.jpg,"(189, 387)"
101809.jpg,"(189, 341)"
101810.jpg,"(187, 297)"
101811.jpg,"(0, 0)"
101812.jpg,"(187, 252)"
101813.jpg,"(189, 389)"
101814.jpg,"(221, 344)"
101815.jpg,"(189, 341)"
101816.jpg,"(221, 389)"
101817.jpg,"(255, 341)"
101818.jpg,"(221, 251)"
101819.jpg,"(153, 298)"
101820.jpg,"(187, 429)"
101821.jpg,"(189, 298)"
101822.jpg,"(189, 341)"
101823.jpg,"(189, 387)"
101824.jpg,"(358, 341)"
101825.jpg,"(221, 249)"
101826.jpg,"(290, 204)"
101827.jpg,"(155, 389)"
101828.jpg,"(153, 113)"
101829.jpg,"(189, 252)"
101830.jpg,"(221, 390)"
101831.jpg,"(256, 478)"
101832.jpg,"(256, 298)"
101833.jpg,"(254, 341)"
101834.jpg,"(187, 387)"
101835.jpg,"(223, 343)"
101836.jpg,"(223, 296)"
101837.jpg,"(221, 339)"
101838.jpg,"(187, 250)"
101839.jpg,"(86, 387)"
101840.jpg,"(256, 341)"
101841.jpg,"(152, 389)"
101842.jpg,"(0, 0)"
101843.jpg,"(153, 252)"
101844.jpg,"(222, 252)"
101845.jpg,"(256, 478)"
101846.jpg,"(189, 341)"
101847.jpg,"(361, 112)"
101848.jpg,"(86, 294)"
101849.jpg,"(155, 341)"
101850.jpg,"(189, 298)"
101851.jpg,"(223, 252)"
101852.jpg,"(324, 67)"
101853.jpg,"(256, 296)"
101854.jpg,"(153, 341)"
101855.jpg,"(290, 298)"
101856.jpg,"(255, 342)"
101857.jpg,"(0, 0)"
101858.jpg,"(187, 343)"
101859.jpg,"(152, 296)"
101860.jpg,"(86, 341)"
101861.jpg,"(221, 342)"
101862.jpg,"(223, 298)"
101863.jpg,"(155, 298)"
101864.jpg,"(224, 341)"
101865.jpg,"(256, 249)"
101866.jpg,"(243, 389)"
101867.jpg,"(221, 341)"
101868.jpg,"(221, 252)"
101869.jpg,"(290, 295)"
101870.jpg,"(221, 341)"
101871.jpg,"(221, 252)"
101872.jpg,"(221, 298)"
101873.jpg,"(288, 295)"
101874.jpg,"(187, 341)"
101875.jpg,"(120, 343)"
101876.jpg,"(255, 298)"
101877.jpg,"(155, 297)"
101878.jpg,"(256, 294)"
101879.jpg,"(427, 433)"
101880.jpg,"(223, 341)"
101881.jpg,"(189, 341)"
101882.jpg,"(189, 296)"
101883.jpg,"(254, 431)"
101884.jpg,"(222, 341)"
101885.jpg,"(223, 290)"
101886.jpg,"(187, 341)"
101887.jpg,"(256, 341)"
101888.jpg,"(154, 298)"
101889.jpg,"(258, 250)"
101890.jpg,"(118, 433)"
101891.jpg,"(223, 341)"
101892.jpg,"(255, 298)"
101893.jpg,"(324, 206)"
101894.jpg,"(0, 0)"
101895.jpg,"(119, 432)"
101896.jpg,"(223, 431)"
101897.jpg,"(189, 296)"
101898.jpg,"(224, 161)"
101899.jpg,"(254, 298)"
101900.jpg,"(256, 433)"
101901.jpg,"(251, 387)"
101902.jpg,"(292, 161)"
101903.jpg,"(254, 343)"
101904.jpg,"(223, 298)"
101905.jpg,"(221, 299)"
101906.jpg,"(324, 204)"
101907.jpg,"(221, 204)"
101908.jpg,"(189, 341)"
101909.jpg,"(257, 296)"
101910.jpg,"(187, 432)"
101911.jpg,"(187, 341)"
101912.jpg,"(155, 295)"
101913.jpg,"(50, 344)"
101914.jpg,"(289, 341)"
101915.jpg,"(189, 204)"
101916.jpg,"(221, 344)"
101917.jpg,"(253, 390)"
101918.jpg,"(86, 526)"
101919.jpg,"(223, 341)"
101920.jpg,"(394, 572)"
101921.jpg,"(222, 386)"
101922.jpg,"(256, 432)"
101923.jpg,"(256, 252)"
101924.jpg,"(290, 432)"
101925.jpg,"(257, 298)"
101926.jpg,"(258, 206)"
101927.jpg,"(204, 387)"
101928.jpg,"(258, 343)"
101929.jpg,"(154, 387)"
101930.jpg,"(223, 296)"
101931.jpg,"(189, 296)"
101932.jpg,"(427, 380)"
101933.jpg,"(0, 0)"
101934.jpg,"(223, 297)"
101935.jpg,"(240, 341)"
101936.jpg,"(0, 0)"
101937.jpg,"(155, 341)"
101938.jpg,"(187, 386)"
101939.jpg,"(221, 295)"
101940.jpg,"(187, 343)"
101941.jpg,"(0, 0)"
101942.jpg,"(223, 341)"
101943.jpg,"(254, 344)"
101944.jpg,"(187, 298)"
101945.jpg,"(258, 296)"
101946.jpg,"(0, 0)"
101947.jpg,"(152, 298)"
101948.jpg,"(256, 298)"
101949.jpg,"(223, 298)"
101950.jpg,"(292, 341)"
101951.jpg,"(257, 295)"
101952.jpg,"(189, 386)"
101953.jpg,"(292, 294)"
101954.jpg,"(121, 296)"
101955.jpg,"(222, 298)"
101956.jpg,"(255, 341)"
101957.jpg,"(223, 341)"
101958.jpg,"(249, 252)"
101959.jpg,"(221, 341)"
101960.jpg,"(222, 206)"
101961.jpg,"(255, 389)"
101962.jpg,"(255, 252)"
101963.jpg,"(221, 341)"
101964.jpg,"(187, 298)"
101965.jpg,"(223, 253)"
101966.jpg,"(120, 296)"
101967.jpg,"(189, 298)"
101968.jpg,"(120, 295)"
101969.jpg,"(189, 341)"
101970.jpg,"(155, 341)"
101971.jpg,"(325, 67)"
101972.jpg,"(190, 387)"
101973.jpg,"(256, 341)"
101974.jpg,"(287, 341)"
101975.jpg,"(222, 342)"
101976.jpg,"(255, 432)"
101977.jpg,"(258, 387)"
101978.jpg,"(224, 296)"
101979.jpg,"(290, 478)"
101980.jpg,"(285, 341)"
101981.jpg,"(223, 341)"
101982.jpg,"(187, 297)"
101983.jpg,"(187, 249)"
101984.jpg,"(189, 338)"
101985.jpg,"(221, 341)"
101986.jpg,"(189, 295)"
101987.jpg,"(120, 204)"
101988.jpg,"(155, 341)"
101989.jpg,"(187, 298)"
101990.jpg,"(222, 249)"
101991.jpg,"(153, 341)"
101992.jpg,"(153, 253)"
101993.jpg,"(155, 341)"
101994.jpg,"(223, 387)"
101995.jpg,"(119, 69)"
101996.jpg,"(393, 387)"
101997.jpg,"(189, 433)"
101998.jpg,"(256, 158)"
101999.jpg,"(324, 66)"
102000.jpg,"(186, 249)"
